BookID,Title,Author,Available,IssuedTo,IssueDate,ReturnDate
101,Book Title 1,Author 1,1,,,
102,Book Title 2,Author 2,1,,,
103,Book Title 3,Author 3,1,,,
104,Book Title 4,Author 4,1,,,
105,Book Title 5,Author 5,1,,,
106,Book Title 6,Author 6,1,,,
107,Book Title 7,Author 7,1,,,
108,Book Title 8,Author 8,1,,,
109,Book Title 9,Author 9,1,,,
110,Book Title 10,Author 10,1,,,
111,Book Title 11,Author 11,1,,,
112,Book Title 12,Author 12,1,,,
113,Book Title 13,Author 13,1,,,
114,Book Title 14,Author 14,1,,,
115,Book Title 15,Author 15,1,,,
116,Book Title 16,Author 16,1,,,
117,Book Title 17,Author 17,1,,,
118,Book Title 18,Author 18,1,,,
119,Book Title 19,Author 19,1,,,
120,Book Title 20,Author 20,1,,,
121,Book Title 21,Author 21,1,,,
122,Book Title 22,Author 22,1,,,
123,Book Title 23,Author 23,1,,,
124,Book Title 24,Author 24,1,,,
125,Book Title 25,Author 25,1,,,
126,Book Title 26,Author 26,1,,,
127,Book Title 27,Author 27,1,,,
128,Book Title 28,Author 28,1,,,
129,Book Title 29,Author 29,1,,,
130,Book Title 30,Author 30,1,,,
131,Book Title 31,Author 31,1,,,
132,Book Title 32,Author 32,1,,,
133,Book Title 33,Author 33,1,,,
134,Book Title 34,Author 34,1,,,
135,Book Title 35,Author 35,1,,,
136,Book Title 36,Author 36,1,,,
137,Book Title 37,Author 37,1,,,
138,Book Title 38,Author 38,1,,,
139,Book Title 39,Author 39,1,,,
140,Book Title 40,Author 40,1,,,
141,Book Title 41,Author 41,1,,,
142,Book Title 42,Author 42,1,,,
143,Book Title 43,Author 43,1,,,
144,Book Title 44,Author 44,1,,,
145,Book Title 45,Author 45,1,,,
146,Book Title 46,Author 46,1,,,
147,Book Title 47,Author 47,1,,,
148,Book Title 48,Author 48,1,,,
149,Book Title 49,Author 49,1,,,
150,Book Title 50,Author 50,1,,,
